{
    "variants": {
        "": [
            { "model": "block/lily_pad/1" },
            { "model": "block/lily_pad/1", "y": 90 },
            { "model": "block/lily_pad/1", "y": 180 },
            { "model": "block/lily_pad/1", "y": 270 },
            { "model": "block/lily_pad/1_f" },
            { "model": "block/lily_pad/1_f", "y": 90 },
            { "model": "block/lily_pad/1_f", "y": 180 },
            { "model": "block/lily_pad/1_f", "y": 270 },
            { "model": "block/lily_pad/2" },
            { "model": "block/lily_pad/2", "y": 90 },
            { "model": "block/lily_pad/2", "y": 180 },
            { "model": "block/lily_pad/2", "y": 270 },
            { "model": "block/lily_pad/3" },
            { "model": "block/lily_pad/3", "y": 90 },
            { "model": "block/lily_pad/3", "y": 180 },
            { "model": "block/lily_pad/3", "y": 270 },
            { "model": "block/lily_pad/4" },
            { "model": "block/lily_pad/4", "y": 90 },
            { "model": "block/lily_pad/4", "y": 180 },
            { "model": "block/lily_pad/4", "y": 270 },
            { "model": "block/lily_pad/4_f" },
            { "model": "block/lily_pad/4_f", "y": 90 },
            { "model": "block/lily_pad/4_f", "y": 180 },
            { "model": "block/lily_pad/4_f", "y": 270 },
            { "model": "block/lily_pad/5" },
            { "model": "block/lily_pad/5", "y": 90 },
            { "model": "block/lily_pad/5", "y": 180 },
            { "model": "block/lily_pad/5", "y": 270 },
            { "model": "block/lily_pad/6" },
            { "model": "block/lily_pad/6", "y": 90 },
            { "model": "block/lily_pad/6", "y": 180 },
            { "model": "block/lily_pad/6", "y": 270 },
            { "model": "block/lily_pad/7" },
            { "model": "block/lily_pad/7", "y": 90 },
            { "model": "block/lily_pad/7", "y": 180 },
            { "model": "block/lily_pad/7", "y": 270 }
        ]
    }
}
