{
    "variants": {
        "age=0": { "model": "block/wheat/stage0" },
        "age=1": { "model": "block/wheat/stage1" },
        "age=2": { "model": "block/wheat/stage2" },
        "age=3": { "model": "block/wheat/stage3" },
        "age=4": { "model": "block/wheat/stage4" },
        "age=5": { "model": "block/wheat/stage5" },
        "age=6": { "model": "block/wheat/stage6" },
        "age=7": [ { "model": "block/wheat/stage7_1" },
		 { "model": "block/wheat/stage7_3" } ]
    }
}
