{
	"credit": "Made with Blockbench",
	"ambientocclusion": false,
	"textures": {
		"particle": "block/vine",
		"vine": "block/vine"
	},
	"elements": [
		{
			"from": [0, 0, 15.2],
			"to": [16, 16, 15.2],
			"shade": false,
			"faces": {
				"north": {"uv": [0, 0, 16, 16], "texture": "#vine", "tintindex": 0},
				"south": {"uv": [0, 0, 16, 16], "texture": "#vine", "tintindex": 0}
			}
		},
		{
			"from": [14, 12, 14.8],
			"to": [16, 14, 14.8],
			"shade": false,
			"rotation": {"angle": 22.5, "axis": "x", "origin": [15, 13, 14.8]},
			"faces": {
				"north": {"uv": [0, 2, 2, 4], "texture": "#vine", "tintindex": 0},
				"south": {"uv": [0, 2, 2, 4], "texture": "#vine", "tintindex": 0}
			}
		},
		{
			"from": [13, 10, 14.8],
			"to": [15, 12, 14.8],
			"shade": false,
			"rotation": {"angle": 22.5, "axis": "x", "origin": [15, 13, 14.8]},
			"faces": {
				"north": {"uv": [0, 2, 2, 4], "texture": "#vine", "tintindex": 0},
				"south": {"uv": [0, 2, 2, 4], "texture": "#vine", "tintindex": 0}
			}
		},
		{
			"from": [9, 12, 15.6],
			"to": [11, 14, 15.6],
			"shade": false,
			"rotation": {"angle": -22.5, "axis": "x", "origin": [10, 13, 15.6]},
			"faces": {
				"north": {"uv": [0, 2, 2, 4], "texture": "#vine", "tintindex": 0},
				"south": {"uv": [9, 2, 11, 4], "texture": "#vine", "tintindex": 0}
			}
		},
		{
			"from": [10, 11, 15.6],
			"to": [12, 13, 15.6],
			"shade": false,
			"rotation": {"angle": -22.5, "axis": "x", "origin": [10, 13, 15.6]},
			"faces": {
				"north": {"uv": [0, 2, 2, 4], "texture": "#vine", "tintindex": 0},
				"south": {"uv": [9, 2, 11, 4], "texture": "#vine", "tintindex": 0}
			}
		},
		{
			"from": [0, 12, 15.6],
			"to": [2, 14, 15.6],
			"shade": false,
			"rotation": {"angle": -22.5, "axis": "x", "origin": [1, 13, 15.6]},
			"faces": {
				"north": {"uv": [0, 2, 2, 4], "texture": "#vine", "tintindex": 0},
				"south": {"uv": [0, 2, 2, 4], "texture": "#vine", "tintindex": 0}
			}
		},
		{
			"from": [1, 10, 15.6],
			"to": [3, 12, 15.6],
			"shade": false,
			"rotation": {"angle": -22.5, "axis": "x", "origin": [1, 13, 15.6]},
			"faces": {
				"north": {"uv": [0, 2, 2, 4], "texture": "#vine", "tintindex": 0},
				"south": {"uv": [0, 2, 2, 4], "texture": "#vine", "tintindex": 0}
			}
		},
		{
			"from": [13, 14, 15.6],
			"to": [15, 16, 15.6],
			"shade": false,
			"rotation": {"angle": -22.5, "axis": "x", "origin": [14, 15, 15.6]},
			"faces": {
				"north": {"uv": [0, 2, 2, 4], "texture": "#vine", "tintindex": 0},
				"south": {"uv": [13, 0, 15, 2], "texture": "#vine", "tintindex": 0}
			}
		},
		{
			"from": [12, 12, 15.6],
			"to": [14, 14, 15.6],
			"shade": false,
			"rotation": {"angle": -22.5, "axis": "x", "origin": [14, 15, 15.6]},
			"faces": {
				"north": {"uv": [0, 2, 2, 4], "texture": "#vine", "tintindex": 0},
				"south": {"uv": [13, 0, 15, 2], "texture": "#vine", "tintindex": 0}
			}
		},
		{
			"from": [12, 7, 15.6],
			"to": [14, 9, 15.6],
			"shade": false,
			"rotation": {"angle": -22.5, "axis": "x", "origin": [13, 8, 15.6]},
			"faces": {
				"north": {"uv": [0, 2, 2, 4], "texture": "#vine", "tintindex": 0},
				"south": {"uv": [13, 0, 15, 2], "texture": "#vine", "tintindex": 0}
			}
		},
		{
			"from": [13, 5, 15.6],
			"to": [15, 7, 15.6],
			"shade": false,
			"rotation": {"angle": -22.5, "axis": "x", "origin": [13, 8, 15.6]},
			"faces": {
				"north": {"uv": [0, 2, 2, 4], "texture": "#vine", "tintindex": 0},
				"south": {"uv": [13, 0, 15, 2], "texture": "#vine", "tintindex": 0}
			}
		},
		{
			"from": [5, 7, 15.6],
			"to": [7, 9, 15.6],
			"shade": false,
			"rotation": {"angle": -22.5, "axis": "x", "origin": [6, 8, 15.6]},
			"faces": {
				"north": {"uv": [0, 2, 2, 4], "texture": "#vine", "tintindex": 0},
				"south": {"uv": [5, 7, 7, 9], "texture": "#vine", "tintindex": 0}
			}
		},
		{
			"from": [4, 5, 15.6],
			"to": [6, 7, 15.6],
			"shade": false,
			"rotation": {"angle": -22.5, "axis": "x", "origin": [6, 8, 15.6]},
			"faces": {
				"north": {"uv": [0, 2, 2, 4], "texture": "#vine", "tintindex": 0},
				"south": {"uv": [5, 7, 7, 9], "texture": "#vine", "tintindex": 0}
			}
		},
		{
			"from": [1, 2, 15.6],
			"to": [3, 4, 15.6],
			"shade": false,
			"rotation": {"angle": -22.5, "axis": "x", "origin": [2, 3, 15.6]},
			"faces": {
				"north": {"uv": [0, 2, 2, 4], "texture": "#vine", "tintindex": 0},
				"south": {"uv": [1, 12, 3, 14], "texture": "#vine", "tintindex": 0}
			}
		},
		{
			"from": [2, 0, 15.6],
			"to": [4, 2, 15.6],
			"shade": false,
			"rotation": {"angle": -22.5, "axis": "x", "origin": [2, 3, 15.6]},
			"faces": {
				"north": {"uv": [0, 2, 2, 4], "texture": "#vine", "tintindex": 0},
				"south": {"uv": [1, 12, 3, 14], "texture": "#vine", "tintindex": 0}
			}
		},
		{
			"from": [9, 3, 15.6],
			"to": [11, 5, 15.6],
			"shade": false,
			"rotation": {"angle": -22.5, "axis": "x", "origin": [10, 4, 15.6]},
			"faces": {
				"north": {"uv": [0, 2, 2, 4], "texture": "#vine", "tintindex": 0},
				"south": {"uv": [9, 11, 11, 13], "texture": "#vine", "tintindex": 0}
			}
		},
		{
			"from": [10, 1, 15.6],
			"to": [12, 3, 15.6],
			"shade": false,
			"rotation": {"angle": -22.5, "axis": "x", "origin": [10, 4, 15.6]},
			"faces": {
				"north": {"uv": [0, 2, 2, 4], "texture": "#vine", "tintindex": 0},
				"south": {"uv": [9, 11, 11, 13], "texture": "#vine", "tintindex": 0}
			}
		},
		{
			"from": [5, 14, 15.6],
			"to": [7, 16, 15.6],
			"shade": false,
			"rotation": {"angle": -22.5, "axis": "x", "origin": [6, 15, 15.6]},
			"faces": {
				"north": {"uv": [0, 2, 2, 4], "texture": "#vine", "tintindex": 0},
				"south": {"uv": [5, 0, 7, 2], "texture": "#vine", "tintindex": 0}
			}
		},
		{
			"from": [6, 13, 15.6],
			"to": [8, 15, 15.6],
			"shade": false,
			"rotation": {"angle": -22.5, "axis": "x", "origin": [6, 15, 15.6]},
			"faces": {
				"north": {"uv": [0, 2, 2, 4], "texture": "#vine", "tintindex": 0},
				"south": {"uv": [5, 0, 7, 2], "texture": "#vine", "tintindex": 0}
			}
		},
		{
			"from": [9, 7, 14.8],
			"to": [11, 9, 14.8],
			"shade": false,
			"rotation": {"angle": 22.5, "axis": "x", "origin": [10, 8, 14.8]},
			"faces": {
				"north": {"uv": [5, 7, 7, 9], "texture": "#vine", "tintindex": 0},
				"south": {"uv": [0, 2, 2, 4], "texture": "#vine", "tintindex": 0}
			}
		},
		{
			"from": [8, 5, 14.8],
			"to": [10, 7, 14.8],
			"shade": false,
			"rotation": {"angle": 22.5, "axis": "x", "origin": [10, 8, 14.8]},
			"faces": {
				"north": {"uv": [5, 7, 7, 9], "texture": "#vine", "tintindex": 0},
				"south": {"uv": [0, 2, 2, 4], "texture": "#vine", "tintindex": 0}
			}
		},
		{
			"from": [5, 3, 14.8],
			"to": [7, 5, 14.8],
			"shade": false,
			"rotation": {"angle": 22.5, "axis": "x", "origin": [6, 4, 14.8]},
			"faces": {
				"north": {"uv": [9, 11, 11, 13], "texture": "#vine", "tintindex": 0},
				"south": {"uv": [0, 2, 2, 4], "texture": "#vine", "tintindex": 0}
			}
		},
		{
			"from": [6, 1, 14.8],
			"to": [8, 3, 14.8],
			"shade": false,
			"rotation": {"angle": 22.5, "axis": "x", "origin": [6, 4, 14.8]},
			"faces": {
				"north": {"uv": [9, 11, 11, 13], "texture": "#vine", "tintindex": 0},
				"south": {"uv": [0, 2, 2, 4], "texture": "#vine", "tintindex": 0}
			}
		},
		{
			"from": [2, 7, 14.8],
			"to": [4, 9, 14.8],
			"shade": false,
			"rotation": {"angle": 22.5, "axis": "x", "origin": [3, 8, 14.8]},
			"faces": {
				"north": {"uv": [12, 7, 14, 9], "texture": "#vine", "tintindex": 0},
				"south": {"uv": [0, 2, 2, 4], "texture": "#vine", "tintindex": 0}
			}
		},
		{
			"from": [1, 5, 14.8],
			"to": [3, 7, 14.8],
			"shade": false,
			"rotation": {"angle": 22.5, "axis": "x", "origin": [3, 8, 14.8]},
			"faces": {
				"north": {"uv": [12, 7, 14, 9], "texture": "#vine", "tintindex": 0},
				"south": {"uv": [0, 2, 2, 4], "texture": "#vine", "tintindex": 0}
			}
		},
		{
			"from": [1, 14, 14.8],
			"to": [3, 16, 14.8],
			"shade": false,
			"rotation": {"angle": 22.5, "axis": "x", "origin": [2, 15, 14.8]},
			"faces": {
				"north": {"uv": [13, 0, 15, 2], "texture": "#vine", "tintindex": 0},
				"south": {"uv": [0, 2, 2, 4], "texture": "#vine", "tintindex": 0}
			}
		},
		{
			"from": [1, 12, 14.8],
			"to": [3, 14, 14.8],
			"shade": false,
			"rotation": {"angle": 22.5, "axis": "x", "origin": [2, 15, 14.8]},
			"faces": {
				"north": {"uv": [13, 0, 15, 2], "texture": "#vine", "tintindex": 0},
				"south": {"uv": [0, 2, 2, 4], "texture": "#vine", "tintindex": 0}
			}
		},
		{
			"from": [5, 12, 14.8],
			"to": [7, 14, 14.8],
			"shade": false,
			"rotation": {"angle": 22.5, "axis": "x", "origin": [6, 13, 14.8]},
			"faces": {
				"north": {"uv": [9, 2, 11, 4], "texture": "#vine", "tintindex": 0},
				"south": {"uv": [0, 2, 2, 4], "texture": "#vine", "tintindex": 0}
			}
		},
		{
			"from": [4, 11, 14.8],
			"to": [6, 13, 14.8],
			"shade": false,
			"rotation": {"angle": 22.5, "axis": "x", "origin": [6, 13, 14.8]},
			"faces": {
				"north": {"uv": [9, 2, 11, 4], "texture": "#vine", "tintindex": 0},
				"south": {"uv": [0, 2, 2, 4], "texture": "#vine", "tintindex": 0}
			}
		},
		{
			"from": [9, 14, 14.8],
			"to": [11, 16, 14.8],
			"shade": false,
			"rotation": {"angle": 22.5, "axis": "x", "origin": [10, 15, 14.8]},
			"faces": {
				"north": {"uv": [5, 0, 7, 2], "texture": "#vine", "tintindex": 0},
				"south": {"uv": [0, 2, 2, 4], "texture": "#vine", "tintindex": 0}
			}
		},
		{
			"from": [8, 13, 14.8],
			"to": [10, 15, 14.8],
			"shade": false,
			"rotation": {"angle": 22.5, "axis": "x", "origin": [10, 15, 14.8]},
			"faces": {
				"north": {"uv": [5, 0, 7, 2], "texture": "#vine", "tintindex": 0},
				"south": {"uv": [0, 2, 2, 4], "texture": "#vine", "tintindex": 0}
			}
		},
		{
			"from": [13, 2, 14.8],
			"to": [15, 4, 14.8],
			"shade": false,
			"rotation": {"angle": 22.5, "axis": "x", "origin": [14, 3, 14.8]},
			"faces": {
				"north": {"uv": [1, 12, 3, 14], "texture": "#vine", "tintindex": 0},
				"south": {"uv": [0, 2, 2, 4], "texture": "#vine", "tintindex": 0}
			}
		},
		{
			"from": [14, 0, 14.8],
			"to": [16, 2, 14.8],
			"shade": false,
			"rotation": {"angle": 22.5, "axis": "x", "origin": [14, 3, 14.8]},
			"faces": {
				"north": {"uv": [1, 12, 3, 14], "texture": "#vine", "tintindex": 0},
				"south": {"uv": [0, 2, 2, 4], "texture": "#vine", "tintindex": 0}
			}
		}
	]
}