{
    "ambientocclusion": false,
    "textures": {
        "particle": "#cross",
        "sprigs": "block/grass/6"
    },
    "elements": [
        {   "from": [ 0.8, 0, 8 ],
            "to": [ 15.2, 16, 8 ],
            "rotation": { "origin": [ 8, 8, 8 ], "axis": "y", "angle": 0, "rescale": true },
            "shade": false,
            "faces": {
                "north": { "uv": [ 0, 0, 16, 16 ], "texture": "#cross", "tintindex": 0 },
                "south": { "uv": [ 0, 0, 16, 16 ], "texture": "#cross", "tintindex": 0 }
            }
        },
        {   "from": [ 8, 0, 0.8 ],
            "to": [ 8, 16, 15.2 ],
            "rotation": { "origin": [ 8, 8, 8 ], "axis": "y", "angle": 0, "rescale": true },
            "shade": false,
            "faces": {
                "west": { "uv": [ 0, 0, 16, 16 ], "texture": "#cross", "tintindex": 0 },
                "east": { "uv": [ 0, 0, 16, 16 ], "texture": "#cross", "tintindex": 0 }
            }
        },

        {   "from": [ 0, 0, 5 ],
            "to": [ 16, 16, 5 ],
            "rotation": { "origin": [ 8, 8, 8 ], "axis": "y", "angle": 22.5, "rescale": true },
            "shade": false,
            "faces": {
                "north": { "uv": [ 0, 0, 16, 16 ], "texture": "#sprigs", "tintindex": 0 },
                "south": { "uv": [ 0, 0, 16, 16 ], "texture": "#sprigs", "tintindex": 0 }
            }
        },
        {   "from": [ 5, 0, 0.8 ],
            "to": [ 5, 16, 15.2 ],
            "rotation": { "origin": [ 8, 8, 8 ], "axis": "y", "angle": 22.5, "rescale": true },
            "shade": false,
            "faces": {
                "west": { "uv": [ 0, 0, 16, 16 ], "texture": "#sprigs", "tintindex": 0 },
                "east": { "uv": [ 0, 0, 16, 16 ], "texture": "#sprigs", "tintindex": 0 }
            }
        },
        {   "from": [ 0.8, 0, 11 ],
            "to": [ 15.2, 16, 11 ],
            "rotation": { "origin": [ 8, 8, 8 ], "axis": "y", "angle": 22.5, "rescale": true },
            "shade": false,
            "faces": {
                "north": { "uv": [ 0, 0, 16, 16 ], "texture": "#sprigs", "tintindex": 0 },
                "south": { "uv": [ 0, 0, 16, 16 ], "texture": "#sprigs", "tintindex": 0 }
            }
        },
        {   "from": [ 11, 0, 0.8 ],
            "to": [ 11, 16, 15.2 ],
            "rotation": { "origin": [ 8, 8, 8 ], "axis": "y", "angle": 22.5, "rescale": true },
            "shade": false,
            "faces": {
                "west": { "uv": [ 0, 0, 16, 16 ], "texture": "#sprigs", "tintindex": 0 },
                "east": { "uv": [ 0, 0, 16, 16 ], "texture": "#sprigs", "tintindex": 0 }
            }
        }
    ]
}
