{
    "ambientocclusion": false,
    "textures": {
        "particle": "block/lily_pad/1",
        "flower": "block/lily_pad/flower",
        "texture": "block/lily_pad/1"
    },
    "elements": [
        {   "from": [ 0, 0.25, 0 ],
            "to": [ 16, 0.25, 16 ],
            "faces": {
                "down":  { "uv": [ 16, 16, 0,  0 ], "texture": "#texture", "tintindex": 0 },
                "up":  { "uv": [ 0, 0, 16, 16 ], "texture": "#texture", "tintindex": 0 }
            }
        },
        {   "from": [ 5.5, 0.25, 8 ],
            "to": [ 10.5, 3.75, 8 ],
            "rotation": {
                "origin": [ 8, 8, 8 ],
                "axis": "y",
                "angle": 45,
                "rescale": false
            },
            "faces": {
                "north":  { "uv": [ 5.5, 12.5, 10.5,  16 ], "texture": "#flower" },
                "south":  { "uv": [ 5.5, 12.5, 10.5,  16 ], "texture": "#flower" }
            }
        },
        {   "from": [ 5.5, 0.25, 8 ],
            "to": [ 10.5, 3.75, 8 ],
            "rotation": {
                "origin": [ 8, 8, 8 ],
                "axis": "y",
                "angle": -45,
                "rescale": false
            },
            "faces": {
                "north":  { "uv": [ 5.5, 12.5, 10.5,  16 ], "texture": "#flower" },
                "south":    { "uv": [ 5.5, 12.5, 10.5,  16 ], "texture": "#flower" }
            }
        }
    ]
}
