{
	"credit": "Made with Blockbench",
	"ambientocclusion": false,
	"textures": {
		"particle": "block/lily_pad/4",
        "flower": "block/lily_pad/flower",
		"texture": "block/lily_pad/4"
	},
	"elements": [
		{
			"from": [0, 0.25, 0],
			"to": [16, 0.25, 16],
			"faces": {
				"up": {"uv": [16, 0, 0, 16], "texture": "#texture", "tintindex": 0},
				"down": {"uv": [16, 16, 0, 0], "texture": "#texture", "tintindex": 0}
			}
		},
		{
			"from": [6.5, 0.25, 4],
			"to": [11.5, 3.75, 4],
			"rotation": {"angle": 45, "axis": "y", "origin": [8, 8, 8]},
			"faces": {
				"north": {"uv": [5.5, 12.5, 10.5, 16], "texture": "#flower"},
				"south": {"uv": [5.5, 12.5, 10.5, 16], "texture": "#flower"}
			}
		},
		{
			"from": [1.5, 0.25, 7],
			"to": [6.5, 3.75, 7],
			"rotation": {"angle": -45, "axis": "y", "origin": [8, 8, 8]},
			"faces": {
				"north": {"uv": [5.5, 12.5, 10.5, 16], "texture": "#flower"},
				"south": {"uv": [5.5, 12.5, 10.5, 16], "texture": "#flower"}
			}
		}
	]
}